Date,Symbol,Open,High,Low,Close,Volume
2025-09-01,RELIANCE.BSE,1357.85,1363.2,1341.7,1353.85,314139
2025-09-02,RELIANCE.BSE,1357.75,1384.65,1355.0,1366.3,466421
2025-09-03,RELIANCE.BSE,1369.9,1376.45,1361.15,1371.55,308664
2025-09-04,RELIANCE.BSE,1370.0,1374.45,1356.6,1359.2,838446
2025-09-05,RELIANCE.BSE,1365.9,1380.8,1359.35,1374.3,371445
2025-09-08,RELIANCE.BSE,1384.0,1385.9,1372.45,1378.85,249868
2025-09-09,RELIANCE.BSE,1378.85,1381.3,1369.0,1376.35,271853
2025-09-10,RELIANCE.BSE,1382.2,1388.65,1373.7,1376.8,429951
2025-09-11,RELIANCE.BSE,1376.65,1385.45,1374.6,1383.5,897550
2025-09-12,RELIANCE.BSE,1383.5,1396.1,1380.8,1394.8,505338
2025-09-15,RELIANCE.BSE,1395.0,1400.95,1388.35,1399.3,304016
2025-09-16,RELIANCE.BSE,1402.05,1407.7,1398.0,1405.15,845958
2025-09-17,RELIANCE.BSE,1409.95,1415.9,1407.0,1413.65,602241
2025-09-18,RELIANCE.BSE,1420.0,1421.8,1410.7,1414.55,697229
2025-09-19,RELIANCE.BSE,1415.0,1416.0,1403.55,1407.65,299536
2025-09-22,RELIANCE.BSE,1402.7,1410.45,1388.0,1390.4,705990
2025-09-23,RELIANCE.BSE,1390.0,1394.9,1377.0,1390.35,494335
2025-09-24,RELIANCE.BSE,1389.0,1396.0,1380.2,1383.75,604734
2025-09-25,RELIANCE.BSE,1381.0,1384.85,1369.0,1372.45,997953
2025-09-26,RELIANCE.BSE,1372.4,1382.4,1365.55,1377.75,792106
2025-09-29,RELIANCE.BSE,1380.1,1388.4,1368.25,1374.0,477774
2025-09-30,RELIANCE.BSE,1374.65,1376.05,1362.9,1363.8,1226892
2025-10-01,RELIANCE.BSE,1364.25,1378.2,1363.05,1368.8,1254860
2025-10-03,RELIANCE.BSE,1363.0,1371.0,1357.2,1363.45,869282
2025-10-06,RELIANCE.BSE,1362.2,1377.2,1358.6,1375.1,674892
2025-10-07,RELIANCE.BSE,1376.1,1395.75,1375.95,1384.95,865638
2025-10-08,RELIANCE.BSE,1384.2,1389.7,1364.9,1367.35,596052
2025-10-09,RELIANCE.BSE,1371.2,1380.15,1369.5,1377.95,970820
2025-10-10,RELIANCE.BSE,1377.95,1387.75,1375.55,1381.95,498516
2025-10-13,RELIANCE.BSE,1376.0,1377.65,1367.85,1375.1,574423
2025-10-14,RELIANCE.BSE,1377.25,1387.95,1370.4,1375.65,548000
2025-10-15,RELIANCE.BSE,1380.15,1383.6,1372.7,1374.75,631457
2025-10-16,RELIANCE.BSE,1374.8,1400.45,1374.8,1398.05,1163237
2025-10-17,RELIANCE.BSE,1400.0,1423.45,1399.5,1416.95,970166
2025-10-20,RELIANCE.BSE,1440.0,1473.55,1435.0,1466.8,1742719
2025-10-21,RELIANCE.BSE,1466.05,1473.95,1460.2,1465.15,303848
2025-10-23,RELIANCE.BSE,1475.0,1482.5,1444.8,1448.05,1083554
2025-10-24,RELIANCE.BSE,1450.0,1459.95,1441.1,1451.45,331591
2025-10-27,RELIANCE.BSE,1461.25,1484.95,1458.7,1484.0,393023
2025-10-28,RELIANCE.BSE,1480.15,1492.1,1478.0,1487.15,1341632
2025-10-29,RELIANCE.BSE,1489.0,1508.0,1488.7,1504.05,750041
2025-10-30,RELIANCE.BSE,1500.0,1503.25,1484.0,1488.45,772640
2025-10-31,RELIANCE.BSE,1491.0,1497.8,1482.0,1486.5,268477
2025-11-03,RELIANCE.BSE,1486.0,1495.0,1479.15,1484.35,548207
2025-11-04,RELIANCE.BSE,1484.3,1492.7,1470.3,1471.85,265941
2025-11-06,RELIANCE.BSE,1483.1,1501.95,1477.55,1495.75,1178418
2025-11-07,RELIANCE.BSE,1497.65,1498.5,1476.25,1478.25,378528
2025-11-10,RELIANCE.BSE,1473.15,1500.0,1473.15,1489.25,408088
2025-11-11,RELIANCE.BSE,1496.0,1498.7,1480.25,1493.9,214867
2025-11-12,RELIANCE.BSE,1500.0,1524.0,1500.0,1511.75,854483
2025-11-13,RELIANCE.BSE,1512.5,1522.0,1505.6,1510.6,1136211
2025-11-14,RELIANCE.BSE,1506.8,1520.7,1506.0,1518.85,283160
2025-11-17,RELIANCE.BSE,1518.85,1523.5,1511.45,1517.9,214052
2025-11-18,RELIANCE.BSE,1523.65,1527.8,1510.05,1519.65,155896
2025-11-19,RELIANCE.BSE,1514.0,1522.2,1511.7,1518.65,289954
2025-11-20,RELIANCE.BSE,1530.0,1550.9,1526.8,1549.1,1873543
2025-11-21,RELIANCE.BSE,1541.0,1557.95,1539.0,1545.95,514303
2025-11-24,RELIANCE.BSE,1548.1,1550.0,1532.9,1535.75,236624
2025-11-25,RELIANCE.BSE,1535.0,1560.0,1525.0,1539.1,229673
2025-11-26,RELIANCE.BSE,1545.0,1571.8,1541.0,1569.75,485790
2025-11-27,RELIANCE.BSE,1575.25,1575.25,1556.0,1563.55,1112784
2025-11-28,RELIANCE.BSE,1568.0,1580.9,1562.35,1566.85,479141
2025-12-01,RELIANCE.BSE,1575.0,1579.95,1563.75,1565.9,162025
2025-12-02,RELIANCE.BSE,1560.05,1567.0,1542.25,1546.4,110289
2025-12-03,RELIANCE.BSE,1546.4,1552.0,1533.1,1539.0,420895
2025-12-04,RELIANCE.BSE,1536.05,1560.1,1518.0,1538.4,1432313
2025-12-05,RELIANCE.BSE,1531.8,1546.0,1520.45,1540.9,308198
2025-12-08,RELIANCE.BSE,1533.05,1550.8,1533.05,1542.55,1730253
2025-12-09,RELIANCE.BSE,1540.0,1542.95,1520.35,1528.8,817126
2025-12-10,RELIANCE.BSE,1532.0,1547.5,1530.9,1535.3,1143477
2025-12-11,RELIANCE.BSE,1536.3,1549.95,1523.75,1544.9,1127154
2025-12-12,RELIANCE.BSE,1549.05,1559.5,1546.6,1556.0,102402
2025-12-15,RELIANCE.BSE,1555.95,1557.95,1547.0,1556.05,162363
2025-12-16,RELIANCE.BSE,1548.0,1551.55,1539.4,1541.8,126933
2025-12-17,RELIANCE.BSE,1550.0,1550.0,1539.3,1544.6,240805
2025-12-18,RELIANCE.BSE,1539.95,1551.0,1536.0,1544.35,1018167
2025-12-19,RELIANCE.BSE,1552.8,1573.9,1551.05,1565.1,256444
2025-12-22,RELIANCE.BSE,1568.2,1577.0,1565.6,1575.45,382704
2025-12-23,RELIANCE.BSE,1576.05,1580.0,1568.05,1570.9,464178
2025-12-24,RELIANCE.BSE,1571.05,1575.0,1553.85,1557.95,712435
2025-12-26,RELIANCE.BSE,1555.0,1561.0,1554.8,1559.0,113233
2025-12-29,RELIANCE.BSE,1558.95,1558.95,1543.15,1545.3,167579
2025-12-30,RELIANCE.BSE,1543.35,1553.6,1538.0,1540.8,232715
2025-12-31,RELIANCE.BSE,1540.05,1576.5,1540.05,1569.4,437555
2026-01-01,RELIANCE.BSE,1571.35,1592.9,1571.0,1574.9,871193
2026-01-02,RELIANCE.BSE,1579.95,1594.45,1578.0,1592.45,381201
2026-01-05,RELIANCE.BSE,1592.5,1611.2,1575.0,1577.45,489517
2026-01-06,RELIANCE.BSE,1575.55,1575.55,1497.05,1507.7,956028
2026-01-07,RELIANCE.BSE,1510.0,1519.95,1498.2,1504.1,710599
2026-01-08,RELIANCE.BSE,1503.75,1503.75,1468.45,1470.3,2168603
2026-01-09,RELIANCE.BSE,1466.95,1480.0,1465.0,1475.3,234309
2026-01-12,RELIANCE.BSE,1475.3,1485.0,1451.1,1483.3,568998
2026-01-13,RELIANCE.BSE,1485.5,1486.0,1445.15,1451.5,602566
2026-01-14,RELIANCE.BSE,1449.35,1466.8,1439.85,1458.45,610968
2026-01-16,RELIANCE.BSE,1459.9,1479.65,1455.5,1457.6,354962
2026-01-19,RELIANCE.BSE,1455.05,1455.05,1403.3,1413.25,577607
2026-01-20,RELIANCE.BSE,1414.95,1415.75,1390.1,1393.4,261965
2026-01-21,RELIANCE.BSE,1388.05,1412.7,1373.0,1403.9,416973
2026-01-22,RELIANCE.BSE,1410.2,1419.75,1395.1,1401.8,712993
2026-01-23,RELIANCE.BSE,1403.95,1407.15,1381.15,1385.95,203908
2025-09-05,TCS.BSE,3099.95,3104.6001,3029.5,3048.45,191114
2025-09-08,TCS.BSE,3048.5,3066.55,3016.6001,3019.3,194003
2025-09-09,TCS.BSE,3034.8999,3059.8999,3031.05,3049.45,111210
2025-09-10,TCS.BSE,3055.0,3122.0,3055.0,3110.1499,250881
2025-09-11,TCS.BSE,3133.05,3138.3,3110.1499,3123.95,533044
2025-09-12,TCS.BSE,3140.05,3148.5,3120.3501,3134.05,43288
2025-09-15,TCS.BSE,3126.05,3131.0,3096.0,3111.5,103887
2025-09-16,TCS.BSE,3129.95,3150.0,3109.3999,3145.45,74763
2025-09-17,TCS.BSE,3155.45,3182.0,3141.45,3172.8,142149
2025-09-18,TCS.BSE,3186.8,3202.95,3161.0,3176.25,365538
2025-09-19,TCS.BSE,3169.95,3177.3,3144.5,3169.8501,44929
2025-09-22,TCS.BSE,3070.1001,3106.6001,3063.05,3074.05,385138
2025-09-23,TCS.BSE,3074.0,3080.95,3052.25,3062.3501,137822
2025-09-24,TCS.BSE,3049.95,3058.3999,3034.0,3036.1499,93221
2025-09-25,TCS.BSE,3024.95,3030.3501,2951.0,2960.3501,569581
2025-09-26,TCS.BSE,2940.0,2952.0,2892.0,2900.1001,590085
2025-09-29,TCS.BSE,2911.1499,2928.8,2892.5,2896.3999,187488
2025-09-30,TCS.BSE,2919.8,2919.8,2886.0,2889.0,150363
2025-10-01,TCS.BSE,2889.0,2924.3999,2867.55,2914.1001,566102
2025-10-02,TCS.BSE,2914.1001,2914.1001,2914.1001,2914.1001,0
2025-10-03,TCS.BSE,2920.05,2924.3999,2891.7,2902.1499,80725
2025-10-06,TCS.BSE,2902.0,2992.0,2895.95,2988.05,190827
2025-10-07,TCS.BSE,2997.0,3004.5,2955.5,2973.8501,90183
2025-10-08,TCS.BSE,2973.8501,3042.0,2969.0,3026.8501,360325
2025-10-09,TCS.BSE,3035.0,3066.55,3020.1499,3061.95,439505
2025-10-10,TCS.BSE,3064.8999,3070.05,3006.6499,3028.3999,286309
2025-10-13,TCS.BSE,3005.05,3036.0,2998.8,3007.1499,135947
2025-10-14,TCS.BSE,3010.05,3027.0,2957.0,2960.3,145577
2025-10-15,TCS.BSE,2974.95,2979.8999,2951.6001,2969.0,229177
2025-10-16,TCS.BSE,2969.0,2974.55,2944.25,2970.8501,534755
2025-10-17,TCS.BSE,2970.8501,2988.0,2955.05,2962.6001,143733
2025-10-20,TCS.BSE,2971.1499,3022.0,2971.1499,3014.25,492693
2025-10-21,TCS.BSE,3033.95,3033.95,2996.05,3007.25,29725
2025-10-23,TCS.BSE,3040.0,3097.95,3038.6001,3074.6499,1303141
2025-10-24,TCS.BSE,3084.95,3090.0,3058.05,3062.45,127168
2025-10-27,TCS.BSE,3063.2,3093.75,3060.8999,3084.55,52850
2025-10-28,TCS.BSE,3081.8999,3090.0,3041.05,3056.8501,161232
2025-10-29,TCS.BSE,3056.8501,3075.3501,3046.5,3057.3501,56349
2025-10-30,TCS.BSE,3050.0,3064.8999,3031.8,3035.55,216814
2025-10-31,TCS.BSE,3033.0,3067.0,3026.7,3057.8,75073
2025-11-03,TCS.BSE,3055.75,3055.75,3010.0,3016.1001,76263
2025-11-04,TCS.BSE,3025.0,3029.55,2976.0,2989.8,133856
2025-11-05,TCS.BSE,2989.8,2989.8,2989.8,2989.8,0
2025-11-06,TCS.BSE,2989.8,3024.0,2989.8,3011.05,586552
2025-11-07,TCS.BSE,2996.2,3002.3999,2960.0,2992.3501,167733
2025-11-10,TCS.BSE,2990.0,3047.0,2990.0,3025.8,111706
2025-11-11,TCS.BSE,3047.8999,3055.0,3017.5,3048.1499,111395
2025-11-12,TCS.BSE,3056.1001,3136.0,3056.1001,3131.25,309022
2025-11-13,TCS.BSE,3131.25,3132.0,3101.05,3105.7,477009
2025-11-14,TCS.BSE,3099.75,3112.1001,3077.5,3105.0,167532
2025-11-17,TCS.BSE,3109.95,3111.0,3087.6001,3102.55,41297
2025-11-18,TCS.BSE,3100.0,3102.0,3080.0,3085.6499,104079
2025-11-19,TCS.BSE,3103.95,3156.0,3084.05,3147.2,122096
2025-11-20,TCS.BSE,3150.0,3163.5,3137.1499,3145.75,361891
2025-11-21,TCS.BSE,3145.75,3170.0,3136.0,3150.05,242380
2025-11-24,TCS.BSE,3145.45,3179.0,3131.3999,3140.55,112076
2025-11-25,TCS.BSE,3140.75,3146.95,3115.45,3119.8,105596
2025-11-26,TCS.BSE,3119.8,3177.0,3117.95,3162.25,165644
2025-11-27,TCS.BSE,3174.1499,3178.8501,3125.0,3136.8999,401820
2025-11-28,TCS.BSE,3136.5,3146.95,3125.0,3139.6499,63941
2025-12-01,TCS.BSE,3135.0,3152.5,3122.7,3135.7,204505
2025-12-02,TCS.BSE,3125.2,3143.7,3121.05,3135.6001,69073
2025-12-03,TCS.BSE,3150.0,3212.0,3136.0,3179.95,217359
2025-12-04,TCS.BSE,3181.25,3249.95,3181.25,3228.8999,532289
2025-12-05,TCS.BSE,3239.5,3270.7,3223.25,3238.8999,350070
2025-12-08,TCS.BSE,3238.0,3259.8,3210.0,3237.8999,219632
2025-12-09,TCS.BSE,3226.25,3236.2,3180.8,3208.25,171236
2025-12-10,TCS.BSE,3208.25,3216.5,3178.7,3188.1499,174012
2025-12-11,TCS.BSE,3206.0,3207.75,3153.75,3191.6001,397514
2025-12-12,TCS.BSE,3198.7,3223.95,3184.95,3220.1499,113769
2025-12-15,TCS.BSE,3220.1001,3237.0,3196.3,3230.3999,53689
2025-12-16,TCS.BSE,3221.0,3221.05,3191.0,3204.55,60794
2025-12-17,TCS.BSE,3204.55,3236.1001,3201.05,3217.6001,37162
2025-12-18,TCS.BSE,3234.7,3288.7,3224.05,3280.1001,309024
2025-12-19,TCS.BSE,3300.0,3317.8999,3277.2,3282.6001,65524
2025-12-22,TCS.BSE,3300.1001,3328.2,3290.3999,3324.6499,142041
2025-12-23,TCS.BSE,3324.3999,3324.3999,3294.2,3310.5,97640
2025-12-24,TCS.BSE,3308.8,3326.0,3295.3999,3320.3501,156179
2025-12-25,TCS.BSE,3320.3501,3320.3501,3320.3501,3320.3501,0
2025-12-26,TCS.BSE,3312.0,3319.0,3274.0,3279.8,94124
2025-12-29,TCS.BSE,3279.8,3286.0,3243.5,3253.6499,74178
2025-12-30,TCS.BSE,3240.1001,3266.0,3239.5,3247.5,58391
2025-12-31,TCS.BSE,3246.0,3246.0,3199.1001,3205.75,126727
2026-01-01,TCS.BSE,3206.05,3234.25,3198.75,3226.8,220572
2026-01-02,TCS.BSE,3243.3999,3253.3999,3220.0,3250.1001,63797
2026-01-05,TCS.BSE,3249.8501,3249.8501,3191.8501,3214.7,126704
2026-01-06,TCS.BSE,3211.1001,3259.0,3206.3999,3255.75,24666
2026-01-07,TCS.BSE,3247.2,3300.0,3230.5,3294.45,119941
2026-01-08,TCS.BSE,3294.45,3294.45,3181.6001,3204.3,446517
2026-01-09,TCS.BSE,3185.05,3229.3,3185.05,3208.0,161257
2026-01-12,TCS.BSE,3201.0,3250.0,3174.1001,3235.7,180366
2026-01-13,TCS.BSE,3265.0,3279.0,3210.3,3267.6001,266941
2026-01-14,TCS.BSE,3264.95,3264.95,3183.05,3192.3,428686
2026-01-15,TCS.BSE,3192.3,3192.3,3192.3,3192.3,0
2026-01-16,TCS.BSE,3215.05,3221.0,3172.2,3206.7,129233
2026-01-19,TCS.BSE,3185.55,3219.8999,3151.7,3163.0,197502
2026-01-20,TCS.BSE,3152.0,3160.8999,3094.05,3108.05,588857
2026-01-21,TCS.BSE,3091.2,3137.25,3082.0,3121.3,183440
2026-01-22,TCS.BSE,3140.1001,3159.0,3121.55,3151.25,150626
2026-01-23,TCS.BSE,3152.1001,3193.75,3152.0,3160.8501,95171
2025-09-05,INFY.BSE,1469.5,1472.55,1433.15,1444.35,251340
2025-09-08,INFY.BSE,1452.0,1458.45,1428.35,1432.65,144710
2025-09-09,INFY.BSE,1480.0,1507.0,1472.6,1504.75,575264
2025-09-10,INFY.BSE,1509.0,1534.5,1509.0,1532.65,425557
2025-09-11,INFY.BSE,1530.0,1530.0,1506.65,1509.5,817985
2025-09-12,INFY.BSE,1544.65,1544.65,1522.65,1525.55,443179
2025-09-15,INFY.BSE,1524.1,1527.0,1501.4,1508.05,165226
2025-09-16,INFY.BSE,1508.05,1514.35,1503.95,1511.35,188722
2025-09-17,INFY.BSE,1515.25,1526.75,1514.0,1523.0,213257
2025-09-18,INFY.BSE,1545.0,1554.8,1538.0,1540.25,661566
2025-09-19,INFY.BSE,1541.4,1550.95,1520.6,1540.3,145218
2025-09-22,INFY.BSE,1480.05,1514.7,1480.05,1500.1,722265
2025-09-23,INFY.BSE,1493.05,1512.95,1493.05,1497.75,216313
2025-09-24,INFY.BSE,1493.0,1496.7,1483.1,1494.2,238872
2025-09-25,INFY.BSE,1487.0,1503.0,1476.55,1484.65,451972
2025-09-26,INFY.BSE,1478.65,1478.65,1441.3,1448.6,208390
2025-09-29,INFY.BSE,1460.05,1464.75,1436.7,1440.3,1692478
2025-09-30,INFY.BSE,1443.0,1451.8,1438.4,1442.05,82243
2025-10-01,INFY.BSE,1445.4,1449.5,1427.35,1445.65,900662
2025-10-02,INFY.BSE,1445.65,1445.65,1445.65,1445.65,0
2025-10-03,INFY.BSE,1443.45,1448.7,1433.8,1446.55,139459
2025-10-06,INFY.BSE,1446.55,1478.6,1442.05,1475.15,78527
2025-10-07,INFY.BSE,1479.35,1483.0,1454.1,1456.1,222046
2025-10-08,INFY.BSE,1456.1,1497.9,1455.0,1494.95,285653
2025-10-09,INFY.BSE,1503.9,1513.4,1487.1,1509.4,581651
2025-10-10,INFY.BSE,1510.05,1521.05,1497.95,1514.25,203481
2025-10-13,INFY.BSE,1499.95,1504.75,1483.5,1493.0,314857
2025-10-14,INFY.BSE,1494.95,1514.85,1486.2,1489.8,163842
2025-10-15,INFY.BSE,1488.0,1488.7,1467.4,1473.9,331279
2025-10-16,INFY.BSE,1475.0,1484.85,1460.2,1472.75,764627
2025-10-17,INFY.BSE,1459.0,1459.0,1433.8,1441.3,709603
2025-10-20,INFY.BSE,1446.15,1466.85,1446.15,1461.5,403826
2025-10-21,INFY.BSE,1477.25,1484.6,1470.0,1472.0,161060
2025-10-23,INFY.BSE,1515.0,1545.7,1506.9,1528.85,1133053
2025-10-24,INFY.BSE,1538.0,1542.3,1517.45,1525.4,373169
2025-10-27,INFY.BSE,1512.3,1515.0,1498.0,1504.8,295388
2025-10-28,INFY.BSE,1498.2,1505.55,1490.5,1500.6,443272
2025-10-29,INFY.BSE,1500.0,1519.8,1496.85,1510.8,273304
2025-10-30,INFY.BSE,1506.0,1507.8,1489.0,1493.6,556398
2025-10-31,INFY.BSE,1491.55,1496.95,1481.0,1482.5,330766
2025-11-03,INFY.BSE,1481.3,1490.0,1474.35,1485.35,296650
2025-11-04,INFY.BSE,1480.0,1481.2,1463.0,1468.0,162143
2025-11-05,INFY.BSE,1468.0,1468.0,1468.0,1468.0,0
2025-11-06,INFY.BSE,1473.2,1482.7,1461.3,1466.25,1067624
2025-11-07,INFY.BSE,1470.0,1481.15,1449.35,1477.35,402284
2025-11-10,INFY.BSE,1495.0,1520.0,1490.15,1514.6,664564
2025-11-11,INFY.BSE,1523.25,1532.5,1511.0,1530.6,521626
2025-11-12,INFY.BSE,1541.2,1557.9,1538.25,1551.4,641435
2025-11-13,INFY.BSE,1558.95,1558.95,1530.4,1542.35,1051410
2025-11-14,INFY.BSE,1510.65,1529.65,1489.3,1502.5,427328
2025-11-17,INFY.BSE,1485.1,1509.9,1485.1,1507.6,192848
2025-11-18,INFY.BSE,1505.05,1505.05,1483.45,1485.65,658521
2025-11-19,INFY.BSE,1488.8,1542.85,1488.8,1541.25,415125
2025-11-20,INFY.BSE,1541.0,1555.0,1533.4,1536.75,932233
2025-11-21,INFY.BSE,1530.0,1551.5,1527.5,1544.6,699948
2025-11-24,INFY.BSE,1557.15,1584.95,1541.55,1549.4,414633
2025-11-25,INFY.BSE,1549.0,1549.45,1526.0,1530.0,266157
2025-11-26,INFY.BSE,1534.55,1559.95,1534.45,1557.75,190827
2025-11-27,INFY.BSE,1557.05,1574.4,1552.4,1566.15,866615
2025-11-28,INFY.BSE,1569.1,1569.1,1556.95,1559.7,220809
2025-12-01,INFY.BSE,1560.25,1573.7,1557.0,1563.15,217785
2025-12-02,INFY.BSE,1564.05,1579.55,1556.0,1560.75,267203
2025-12-03,INFY.BSE,1555.0,1585.6,1551.1,1578.3,462341
2025-12-04,INFY.BSE,1560.75,1599.75,1560.75,1597.8,1501246
2025-12-05,INFY.BSE,1607.35,1631.2,1600.85,1615.95,687186
2025-12-08,INFY.BSE,1615.95,1629.8,1600.6,1610.05,255146
2025-12-09,INFY.BSE,1600.05,1606.15,1582.5,1599.35,146401
2025-12-10,INFY.BSE,1600.55,1606.3,1582.45,1584.65,574014
2025-12-11,INFY.BSE,1598.8,1605.8,1580.95,1597.8,762589
2025-12-12,INFY.BSE,1602.05,1602.05,1582.3,1598.75,398050
2025-12-15,INFY.BSE,1581.0,1610.7,1581.0,1607.05,231199
2025-12-16,INFY.BSE,1598.05,1603.2,1585.9,1592.35,342763
2025-12-17,INFY.BSE,1590.0,1606.5,1586.45,1602.1,173930
2025-12-18,INFY.BSE,1610.0,1629.0,1607.0,1626.35,713643
2025-12-19,INFY.BSE,1645.05,1655.0,1629.7,1639.6,434492
2025-12-22,INFY.BSE,1669.95,1692.9,1662.8,1689.7,831315
2025-12-23,INFY.BSE,1681.95,1681.95,1655.95,1668.1,289480
2025-12-24,INFY.BSE,1660.0,1667.7,1652.25,1662.4,243609
2025-12-25,INFY.BSE,1662.4,1662.4,1662.4,1662.4,0
2025-12-26,INFY.BSE,1658.3,1668.3,1651.15,1655.55,206425
2025-12-29,INFY.BSE,1655.55,1672.0,1638.0,1645.5,153008
2025-12-30,INFY.BSE,1640.0,1648.0,1618.5,1624.4,230266
2025-12-31,INFY.BSE,1623.95,1628.95,1609.9,1616.45,331554
2026-01-01,INFY.BSE,1608.95,1639.4,1608.95,1629.5,484748
2026-01-02,INFY.BSE,1633.05,1643.2,1628.0,1640.65,139635
2026-01-05,INFY.BSE,1632.05,1636.65,1583.5,1606.4,322979
2026-01-06,INFY.BSE,1601.5,1619.85,1599.0,1611.15,220594
2026-01-07,INFY.BSE,1613.05,1642.0,1613.05,1638.9,312847
2026-01-08,INFY.BSE,1636.1,1644.15,1608.8,1613.15,526375
2026-01-09,INFY.BSE,1607.2,1630.9,1607.2,1614.75,172509
2026-01-12,INFY.BSE,1603.15,1612.85,1592.35,1595.95,305622
2026-01-13,INFY.BSE,1606.2,1616.0,1586.55,1597.95,256066
2026-01-14,INFY.BSE,1589.95,1616.2,1583.75,1599.05,600427
2026-01-15,INFY.BSE,1599.05,1599.05,1599.05,1599.05,0
2026-01-16,INFY.BSE,1670.3,1693.0,1654.55,1689.4,808316
2026-01-19,INFY.BSE,1689.2,1689.2,1666.45,1680.35,195927
2026-01-20,INFY.BSE,1674.0,1679.5,1652.65,1657.7,272328
2026-01-21,INFY.BSE,1644.95,1658.4,1631.0,1654.6,228866
2026-01-22,INFY.BSE,1666.15,1670.9,1653.55,1663.35,263908
2026-01-23,INFY.BSE,1650.35,1676.7,1650.35,1670.6,399514
2025-08-29,HDFCBANK.BSE,955.95,963.45,950.0,951.45,539645
2025-09-01,HDFCBANK.BSE,951.45,957.35,946.5,950.7,269192
2025-09-02,HDFCBANK.BSE,950.5,954.0,943.85,944.4,384042
2025-09-03,HDFCBANK.BSE,947.25,956.3,940.0,953.8,421542
2025-09-04,HDFCBANK.BSE,961.9,965.8,956.25,961.2,787031
2025-09-05,HDFCBANK.BSE,967.0,967.0,954.1,962.9,133679
2025-09-08,HDFCBANK.BSE,968.9,973.35,960.5,965.75,286257
2025-09-09,HDFCBANK.BSE,971.0,974.5,963.5,964.9,375700
2025-09-10,HDFCBANK.BSE,973.8,974.35,961.75,966.05,522764
2025-09-11,HDFCBANK.BSE,961.95,969.4,959.55,968.1,1072864
2025-09-12,HDFCBANK.BSE,970.05,970.5,962.25,966.9,594769
2025-09-15,HDFCBANK.BSE,969.8,972.4,964.9,966.7,244333
2025-09-16,HDFCBANK.BSE,965.95,969.25,962.8,966.95,471449
2025-09-17,HDFCBANK.BSE,966.9,974.4,964.45,966.4,561447
2025-09-18,HDFCBANK.BSE,973.65,979.65,969.15,976.55,873223
2025-09-19,HDFCBANK.BSE,976.35,976.35,962.05,967.05,1228569
2025-09-22,HDFCBANK.BSE,967.0,971.0,962.0,963.8,355063
2025-09-23,HDFCBANK.BSE,965.15,968.65,955.4,957.55,676523
2025-09-24,HDFCBANK.BSE,952.05,956.95,943.25,950.5,503341
2025-09-25,HDFCBANK.BSE,952.7,958.25,947.35,949.6,1508885
2025-09-26,HDFCBANK.BSE,945.0,951.4,941.6,945.15,991028
2025-09-29,HDFCBANK.BSE,945.0,956.9,939.05,950.45,582978
2025-09-30,HDFCBANK.BSE,955.0,959.6,946.45,951.15,223686
2025-10-01,HDFCBANK.BSE,951.4,969.45,946.2,965.2,1789291
2025-10-03,HDFCBANK.BSE,949.95,966.95,949.95,964.75,489548
2025-10-06,HDFCBANK.BSE,973.4,977.0,962.15,973.75,938322
2025-10-07,HDFCBANK.BSE,973.75,989.8,971.0,982.3,1634607
2025-10-08,HDFCBANK.BSE,980.95,985.95,974.55,978.75,1062911
2025-10-09,HDFCBANK.BSE,974.8,978.75,970.0,977.15,2508131
2025-10-10,HDFCBANK.BSE,977.2,986.0,977.2,980.9,779152
2025-10-13,HDFCBANK.BSE,973.05,981.0,972.0,977.95,572440
2025-10-14,HDFCBANK.BSE,971.95,980.45,969.0,977.1,245931
2025-10-15,HDFCBANK.BSE,977.05,985.0,973.05,979.15,645625
2025-10-16,HDFCBANK.BSE,979.6,996.5,979.6,994.25,1468807
2025-10-17,HDFCBANK.BSE,994.25,1008.9,987.05,1002.5,446832
2025-10-20,HDFCBANK.BSE,999.0,1020.0,998.5,1003.3,429243
2025-10-23,HDFCBANK.BSE,1019.8,1020.35,1005.0,1008.95,1772998
2025-10-24,HDFCBANK.BSE,1008.9,1011.9,991.5,994.7,346012
2025-10-27,HDFCBANK.BSE,994.75,1009.65,994.75,1002.9,287841
2025-10-28,HDFCBANK.BSE,998.85,1008.45,995.8,1003.55,316782
2025-10-29,HDFCBANK.BSE,1003.9,1012.2,1000.0,1007.9,495087
2025-10-30,HDFCBANK.BSE,1001.0,1009.75,997.0,998.1,837299
2025-10-31,HDFCBANK.BSE,994.9,1004.35,982.2,987.65,944173
2025-11-03,HDFCBANK.BSE,985.5,994.65,983.2,992.5,754198
2025-11-04,HDFCBANK.BSE,989.75,996.7,983.65,985.1,597421
2025-11-06,HDFCBANK.BSE,983.9,991.0,974.2,984.5,1294375
2025-11-07,HDFCBANK.BSE,984.3,984.8,974.55,982.9,611248
2025-11-10,HDFCBANK.BSE,980.0,991.75,980.0,984.35,501924
2025-11-11,HDFCBANK.BSE,985.0,993.25,978.15,991.7,235562
2025-11-12,HDFCBANK.BSE,1000.0,1000.0,987.35,989.45,493627
2025-11-13,HDFCBANK.BSE,983.75,990.3,982.5,986.8,1462892
2025-11-14,HDFCBANK.BSE,971.5,991.55,971.45,988.85,408881
2025-11-17,HDFCBANK.BSE,990.05,997.95,985.55,996.8,1934061
2025-11-18,HDFCBANK.BSE,997.5,998.8,989.0,991.6,289231
2025-11-19,HDFCBANK.BSE,989.95,996.5,984.0,994.65,343679
2025-11-20,HDFCBANK.BSE,998.8,1011.0,992.1,1008.8,1603223
2025-11-21,HDFCBANK.BSE,1002.05,1008.6,996.5,998.15,833398
2025-11-24,HDFCBANK.BSE,998.2,1011.0,994.35,999.05,675044
2025-11-25,HDFCBANK.BSE,1004.0,1006.05,988.4,989.85,464725
2025-11-26,HDFCBANK.BSE,985.05,1006.95,983.0,1003.85,1611446
2025-11-27,HDFCBANK.BSE,1001.0,1016.85,1001.0,1009.25,2242837
2025-11-28,HDFCBANK.BSE,1007.95,1012.0,1004.3,1007.0,153665
2025-12-01,HDFCBANK.BSE,1016.05,1017.9,999.4,1002.55,330942
2025-12-02,HDFCBANK.BSE,993.0,994.5,985.7,990.0,424122
2025-12-03,HDFCBANK.BSE,988.45,1002.3,987.85,1000.45,573043
2025-12-04,HDFCBANK.BSE,998.25,1004.75,992.55,997.25,1499772
2025-12-05,HDFCBANK.BSE,990.95,1007.9,990.95,1003.1,406479
2025-12-08,HDFCBANK.BSE,999.0,1006.3,997.8,1003.1,201445
2025-12-09,HDFCBANK.BSE,993.85,1002.75,993.85,996.85,373651
2025-12-10,HDFCBANK.BSE,996.85,998.65,985.2,990.35,579203
2025-12-11,HDFCBANK.BSE,990.95,1002.7,988.55,1000.2,1479629
2025-12-12,HDFCBANK.BSE,1001.9,1004.7,998.05,1000.2,380119
2025-12-15,HDFCBANK.BSE,992.0,1002.0,991.95,995.85,109101
2025-12-16,HDFCBANK.BSE,992.85,998.55,991.0,994.15,800750
2025-12-17,HDFCBANK.BSE,998.05,998.05,980.85,984.3,1068420
2025-12-18,HDFCBANK.BSE,979.9,987.3,976.25,979.65,1528119
2025-12-19,HDFCBANK.BSE,983.0,988.0,979.0,985.95,943842
2025-12-22,HDFCBANK.BSE,985.9,992.8,984.05,987.45,403890
2025-12-23,HDFCBANK.BSE,991.8,998.5,987.7,996.4,249755
2025-12-24,HDFCBANK.BSE,994.2,999.3,993.25,997.1,448011
2025-12-26,HDFCBANK.BSE,996.0,997.3,988.5,992.4,144333
2025-12-29,HDFCBANK.BSE,992.4,997.3,987.0,991.55,450062
2025-12-30,HDFCBANK.BSE,991.85,994.85,982.2,990.7,662628
2025-12-31,HDFCBANK.BSE,991.6,997.5,987.8,991.75,398496
2026-01-01,HDFCBANK.BSE,992.05,997.5,989.3,990.75,1055343
2026-01-02,HDFCBANK.BSE,990.75,1003.0,988.95,1001.2,341045
2026-01-05,HDFCBANK.BSE,1002.1,1006.3,976.35,977.7,1269360
2026-01-06,HDFCBANK.BSE,968.45,968.45,955.9,962.4,2306092
2026-01-07,HDFCBANK.BSE,957.2,957.6,946.0,949.15,7401483
2026-01-08,HDFCBANK.BSE,945.0,952.85,941.7,946.6,9669961
2026-01-09,HDFCBANK.BSE,946.45,950.35,933.2,938.7,1014507
2026-01-12,HDFCBANK.BSE,938.7,942.0,929.55,936.65,823824
2026-01-13,HDFCBANK.BSE,945.05,947.95,934.0,937.25,742953
2026-01-14,HDFCBANK.BSE,932.0,940.05,920.2,926.0,1217236
2026-01-16,HDFCBANK.BSE,924.75,936.25,919.5,931.15,1820553
2026-01-19,HDFCBANK.BSE,938.3,938.75,919.45,927.6,1796067
2026-01-20,HDFCBANK.BSE,927.65,934.5,920.0,931.15,4299767
2026-01-21,HDFCBANK.BSE,925.0,932.7,915.4,920.15,685008
2026-01-22,HDFCBANK.BSE,926.25,928.25,913.5,919.4,1972674
2026-01-23,HDFCBANK.BSE,919.4,925.95,909.25,916.25,598461
2025-09-05,ICICIBANK.BSE,1412.55,1412.55,1388.1,1402.7,167022
2025-09-08,ICICIBANK.BSE,1401.0,1410.5,1397.7,1402.35,100913
2025-09-09,ICICIBANK.BSE,1407.9,1407.9,1395.5,1403.0,51808
2025-09-10,ICICIBANK.BSE,1416.35,1416.35,1402.0,1403.45,681955
2025-09-11,ICICIBANK.BSE,1397.35,1407.7,1396.0,1401.8,944316
2025-09-12,ICICIBANK.BSE,1401.9,1419.85,1400.0,1417.6,261700
2025-09-15,ICICIBANK.BSE,1419.3,1426.85,1416.65,1419.5,131231
2025-09-16,ICICIBANK.BSE,1419.45,1424.7,1414.5,1421.75,112965
2025-09-17,ICICIBANK.BSE,1420.0,1426.55,1416.4,1418.85,183523
2025-09-18,ICICIBANK.BSE,1429.0,1432.5,1415.25,1421.85,386581
2025-09-19,ICICIBANK.BSE,1418.95,1418.95,1400.65,1402.4,137834
2025-09-22,ICICIBANK.BSE,1395.55,1409.8,1395.55,1401.4,129581
2025-09-23,ICICIBANK.BSE,1401.0,1403.0,1393.15,1394.55,100843
2025-09-24,ICICIBANK.BSE,1386.0,1390.9,1377.0,1381.95,265266
2025-09-25,ICICIBANK.BSE,1379.0,1391.25,1373.2,1375.5,747764
2025-09-26,ICICIBANK.BSE,1369.75,1370.4,1357.0,1360.75,202190
2025-09-29,ICICIBANK.BSE,1357.95,1366.55,1345.5,1347.05,238154
2025-09-30,ICICIBANK.BSE,1355.0,1356.0,1343.0,1348.05,70380
2025-10-01,ICICIBANK.BSE,1349.15,1379.55,1344.7,1371.95,1627104
2025-10-02,ICICIBANK.BSE,1371.95,1371.95,1371.95,1371.95,0
2025-10-03,ICICIBANK.BSE,1374.35,1374.35,1361.2,1365.0,709738
2025-10-06,ICICIBANK.BSE,1367.05,1372.5,1359.5,1362.9,218338
2025-10-07,ICICIBANK.BSE,1365.4,1383.0,1364.0,1376.1,504543
2025-10-08,ICICIBANK.BSE,1373.9,1381.25,1364.4,1370.15,506954
2025-10-09,ICICIBANK.BSE,1371.6,1378.95,1365.65,1376.2,947428
2025-10-10,ICICIBANK.BSE,1368.9,1385.15,1368.9,1380.65,472687
2025-10-13,ICICIBANK.BSE,1371.05,1385.45,1371.05,1379.05,533316
2025-10-14,ICICIBANK.BSE,1385.3,1387.3,1375.0,1384.1,203114
2025-10-15,ICICIBANK.BSE,1386.0,1400.2,1385.4,1398.4,781065
2025-10-16,ICICIBANK.BSE,1400.05,1419.05,1399.05,1417.2,1430422
2025-10-17,ICICIBANK.BSE,1413.9,1439.6,1411.4,1436.7,591326
2025-10-20,ICICIBANK.BSE,1441.2,1441.95,1389.25,1390.9,625035
2025-10-21,ICICIBANK.BSE,1386.95,1388.0,1376.1,1382.2,137520
2025-10-23,ICICIBANK.BSE,1386.95,1390.15,1360.0,1363.5,1060995
2025-10-24,ICICIBANK.BSE,1370.55,1381.75,1368.8,1375.45,745989
2025-10-27,ICICIBANK.BSE,1380.0,1387.45,1373.65,1377.7,715805
2025-10-28,ICICIBANK.BSE,1374.9,1374.9,1356.6,1363.2,884448
2025-10-29,ICICIBANK.BSE,1362.35,1371.5,1359.0,1370.55,452978
2025-10-30,ICICIBANK.BSE,1362.15,1370.3,1360.8,1362.45,707639
2025-10-31,ICICIBANK.BSE,1359.0,1362.0,1343.4,1345.05,385742
2025-11-03,ICICIBANK.BSE,1341.95,1351.5,1338.0,1345.6,493620
2025-11-04,ICICIBANK.BSE,1344.8,1349.95,1333.5,1336.6,488643
2025-11-05,ICICIBANK.BSE,1336.6,1336.6,1336.6,1336.6,0
2025-11-06,ICICIBANK.BSE,1330.0,1341.6,1317.5,1320.4,968812
2025-11-07,ICICIBANK.BSE,1318.55,1344.7,1318.55,1342.75,330778
2025-11-10,ICICIBANK.BSE,1343.1,1349.65,1340.95,1348.5,281098
2025-11-11,ICICIBANK.BSE,1349.85,1360.15,1346.8,1358.4,184565
2025-11-12,ICICIBANK.BSE,1369.0,1369.0,1356.0,1358.95,200751
2025-11-13,ICICIBANK.BSE,1359.0,1390.6,1359.0,1385.95,1226318
2025-11-14,ICICIBANK.BSE,1377.85,1381.55,1363.5,1371.9,194359
2025-11-17,ICICIBANK.BSE,1373.2,1382.45,1373.2,1378.9,69960
2025-11-18,ICICIBANK.BSE,1382.9,1382.9,1369.2,1371.9,74895
2025-11-19,ICICIBANK.BSE,1372.05,1384.0,1371.9,1383.1,181373
2025-11-20,ICICIBANK.BSE,1383.95,1388.0,1375.1,1382.9,1024146
2025-11-21,ICICIBANK.BSE,1374.45,1376.15,1364.9,1369.8,5009717
2025-11-24,ICICIBANK.BSE,1368.7,1376.55,1361.0,1368.05,547395
2025-11-25,ICICIBANK.BSE,1366.9,1376.8,1354.4,1358.05,359756
2025-11-26,ICICIBANK.BSE,1359.0,1376.5,1359.0,1374.95,1058397
2025-11-27,ICICIBANK.BSE,1377.45,1394.4,1375.45,1392.05,1044040
2025-11-28,ICICIBANK.BSE,1392.05,1398.0,1386.15,1388.7,222468
2025-12-01,ICICIBANK.BSE,1393.0,1400.0,1385.35,1389.9,116897
2025-12-02,ICICIBANK.BSE,1381.3,1385.0,1371.0,1372.65,229471
2025-12-03,ICICIBANK.BSE,1369.6,1393.95,1367.55,1391.4,567789
2025-12-04,ICICIBANK.BSE,1389.2,1391.8,1380.1,1386.5,1056528
2025-12-05,ICICIBANK.BSE,1379.9,1395.05,1379.85,1392.0,219006
2025-12-08,ICICIBANK.BSE,1390.5,1394.75,1382.8,1389.4,107255
2025-12-09,ICICIBANK.BSE,1380.0,1383.8,1373.35,1374.9,214148
2025-12-10,ICICIBANK.BSE,1375.5,1379.5,1357.8,1364.15,511819
2025-12-11,ICICIBANK.BSE,1363.55,1366.2,1353.15,1359.95,1217779
2025-12-12,ICICIBANK.BSE,1366.1,1370.35,1363.35,1366.0,732186
2025-12-15,ICICIBANK.BSE,1358.55,1369.4,1356.65,1365.2,143049
2025-12-16,ICICIBANK.BSE,1362.0,1368.05,1355.55,1366.0,118442
2025-12-17,ICICIBANK.BSE,1366.0,1366.0,1343.2,1352.95,346718
2025-12-18,ICICIBANK.BSE,1349.95,1369.5,1345.0,1356.9,976737
2025-12-19,ICICIBANK.BSE,1356.85,1359.85,1351.0,1354.15,250017
2025-12-22,ICICIBANK.BSE,1356.0,1371.0,1354.3,1368.4,148674
2025-12-23,ICICIBANK.BSE,1364.95,1365.05,1357.4,1363.05,113555
2025-12-24,ICICIBANK.BSE,1363.05,1368.15,1357.8,1359.5,545484
2025-12-25,ICICIBANK.BSE,1359.5,1359.5,1359.5,1359.5,0
2025-12-26,ICICIBANK.BSE,1357.0,1362.0,1348.5,1350.55,52337
2025-12-29,ICICIBANK.BSE,1350.6,1355.0,1341.9,1343.2,121640
2025-12-30,ICICIBANK.BSE,1339.5,1347.4,1338.3,1342.15,278304
2025-12-31,ICICIBANK.BSE,1347.6,1350.0,1339.4,1342.9,144631
2026-01-01,ICICIBANK.BSE,1343.2,1348.1,1335.6,1337.55,862315
2026-01-02,ICICIBANK.BSE,1339.7,1356.95,1337.1,1354.8,176660
2026-01-05,ICICIBANK.BSE,1352.05,1375.3,1352.05,1371.45,339228
2026-01-06,ICICIBANK.BSE,1371.4,1413.5,1367.55,1410.75,730128
2026-01-07,ICICIBANK.BSE,1361.15,1429.55,1361.15,1428.45,2741883
2026-01-08,ICICIBANK.BSE,1425.1,1442.2,1423.55,1435.35,1638746
2026-01-09,ICICIBANK.BSE,1425.65,1429.35,1401.8,1403.55,357885
2026-01-12,ICICIBANK.BSE,1402.0,1424.8,1391.75,1413.15,248750
2026-01-13,ICICIBANK.BSE,1418.3,1442.0,1411.15,1436.55,747330
2026-01-14,ICICIBANK.BSE,1428.0,1444.4,1415.0,1418.15,700767
2026-01-15,ICICIBANK.BSE,1418.15,1418.15,1418.15,1418.15,0
2026-01-16,ICICIBANK.BSE,1415.0,1420.6,1400.2,1411.65,337891
2026-01-19,ICICIBANK.BSE,1392.15,1399.85,1360.0,1379.8,901613
2026-01-20,ICICIBANK.BSE,1371.65,1387.75,1371.1,1375.35,123595
2026-01-21,ICICIBANK.BSE,1370.0,1371.0,1340.0,1348.45,315112
2026-01-22,ICICIBANK.BSE,1352.05,1355.0,1338.0,1345.65,450812
2026-01-23,ICICIBANK.BSE,1340.0,1354.75,1335.7,1343.35,1167950
2025-08-29,SBIN.BSE,802.0,807.0,798.6,802.35,520632
2025-09-01,SBIN.BSE,802.65,808.25,802.65,805.9,164286
2025-09-02,SBIN.BSE,809.9,810.5,802.9,803.95,119021
2025-09-03,SBIN.BSE,805.0,813.2,803.1,812.15,187814
2025-09-04,SBIN.BSE,816.75,816.75,807.85,809.35,619504
2025-09-05,SBIN.BSE,811.9,812.2,803.6,806.95,272131
2025-09-08,SBIN.BSE,807.1,813.5,807.1,809.0,268859
2025-09-09,SBIN.BSE,810.35,812.45,805.4,808.95,170532
2025-09-10,SBIN.BSE,811.2,824.5,810.2,818.3,489810
2025-09-11,SBIN.BSE,816.25,825.5,816.25,823.8,1044344
2025-09-12,SBIN.BSE,824.9,825.35,819.9,823.3,297096
2025-09-15,SBIN.BSE,823.3,828.0,821.4,824.9,139666
2025-09-16,SBIN.BSE,823.4,833.0,821.6,831.8,368364
2025-09-17,SBIN.BSE,833.25,858.0,831.0,856.95,1807341
2025-09-18,SBIN.BSE,856.7,860.9,851.05,854.45,719272
2025-09-19,SBIN.BSE,852.5,863.5,849.05,862.25,552336
2025-09-22,SBIN.BSE,862.9,868.0,853.9,855.05,266104
2025-09-23,SBIN.BSE,851.1,874.0,851.1,870.5,388234
2025-09-24,SBIN.BSE,875.2,880.4,864.55,865.85,450238
2025-09-25,SBIN.BSE,865.85,870.05,859.55,861.05,804427
2025-09-26,SBIN.BSE,861.05,864.15,852.5,857.0,342057
2025-09-29,SBIN.BSE,857.05,873.0,855.9,870.5,533094
2025-09-30,SBIN.BSE,870.45,877.5,867.85,872.55,229410
2025-10-01,SBIN.BSE,872.6,876.5,862.4,864.05,2208404
2025-10-03,SBIN.BSE,864.15,872.95,863.85,867.05,783340
2025-10-06,SBIN.BSE,868.9,874.9,862.55,874.05,652683
2025-10-07,SBIN.BSE,874.05,875.95,863.05,864.7,715720
2025-10-08,SBIN.BSE,866.1,868.0,857.3,858.05,663817
2025-10-09,SBIN.BSE,861.25,865.65,858.25,862.1,1347934
2025-10-10,SBIN.BSE,861.2,883.7,861.2,880.75,1334463
2025-10-13,SBIN.BSE,879.95,888.05,875.8,883.0,620211
2025-10-14,SBIN.BSE,883.0,884.5,872.15,876.9,281465
2025-10-15,SBIN.BSE,877.2,887.75,877.2,886.2,564545
2025-10-16,SBIN.BSE,886.75,891.9,882.5,886.9,1072968
2025-10-17,SBIN.BSE,886.25,894.6,882.6,889.35,436700
2025-10-20,SBIN.BSE,893.7,913.4,891.55,906.85,835351
2025-10-23,SBIN.BSE,910.55,917.9,904.8,911.45,1321998
2025-10-24,SBIN.BSE,911.45,914.2,900.8,904.4,176431
2025-10-27,SBIN.BSE,905.5,927.9,905.5,923.25,392249
2025-10-28,SBIN.BSE,923.25,935.9,917.8,930.25,641738
2025-10-29,SBIN.BSE,932.6,941.65,930.3,939.8,1089247
2025-10-30,SBIN.BSE,940.0,944.6,932.9,934.1,1338039
2025-10-31,SBIN.BSE,935.8,946.7,930.25,937.0,780748
2025-11-03,SBIN.BSE,938.5,953.15,937.8,950.25,696733
2025-11-04,SBIN.BSE,952.25,959.0,941.35,957.05,948033
2025-11-06,SBIN.BSE,966.35,971.15,955.3,960.75,1731058
2025-11-07,SBIN.BSE,959.95,964.5,944.0,955.95,582333
2025-11-10,SBIN.BSE,955.95,963.0,949.15,951.85,387727
2025-11-11,SBIN.BSE,954.0,954.5,945.05,953.3,1406920
2025-11-12,SBIN.BSE,958.0,961.5,951.05,957.35,359053
2025-11-13,SBIN.BSE,955.7,964.0,952.2,954.55,968319
2025-11-14,SBIN.BSE,954.25,969.0,953.0,967.35,478259
2025-11-17,SBIN.BSE,974.15,976.2,969.95,973.2,215607
2025-11-18,SBIN.BSE,976.8,976.8,970.0,972.55,392640
2025-11-19,SBIN.BSE,972.5,984.5,969.0,982.45,240778
2025-11-20,SBIN.BSE,988.95,988.95,979.0,981.7,1009998
2025-11-21,SBIN.BSE,979.95,980.55,971.0,972.6,188598
2025-11-24,SBIN.BSE,974.2,977.85,967.7,970.3,444259
2025-11-25,SBIN.BSE,976.0,988.9,971.5,983.2,243325
2025-11-26,SBIN.BSE,987.4,999.1,982.2,984.05,412996
2025-11-27,SBIN.BSE,987.85,988.0,968.8,972.85,1490247
2025-11-28,SBIN.BSE,977.0,983.0,973.0,979.55,397881
2025-12-01,SBIN.BSE,984.7,991.25,970.2,973.15,312355
2025-12-02,SBIN.BSE,976.0,980.05,964.55,967.75,528774
2025-12-03,SBIN.BSE,972.25,972.25,947.35,951.4,875186
2025-12-04,SBIN.BSE,951.7,952.55,944.1,948.05,2062068
2025-12-05,SBIN.BSE,948.8,972.8,946.8,971.4,511017
2025-12-08,SBIN.BSE,972.35,972.5,951.0,956.1,2120466
2025-12-09,SBIN.BSE,956.05,964.2,950.8,959.35,374212
2025-12-10,SBIN.BSE,959.35,964.0,955.1,959.55,423587
2025-12-11,SBIN.BSE,963.95,966.45,958.25,963.4,1563506
2025-12-12,SBIN.BSE,964.05,967.0,958.0,962.9,205217
2025-12-15,SBIN.BSE,959.95,969.3,957.05,967.15,118671
2025-12-16,SBIN.BSE,967.95,969.0,958.8,961.4,222081
2025-12-17,SBIN.BSE,965.0,978.5,965.0,975.9,569861
2025-12-18,SBIN.BSE,976.75,981.0,973.5,977.7,594574
2025-12-19,SBIN.BSE,978.15,981.9,977.0,980.15,261032
2025-12-22,SBIN.BSE,983.9,983.9,972.6,974.25,395098
2025-12-23,SBIN.BSE,975.05,977.6,970.45,971.85,181180
2025-12-24,SBIN.BSE,972.1,977.5,967.95,969.0,406527
2025-12-26,SBIN.BSE,967.1,971.15,964.45,966.4,401851
2025-12-29,SBIN.BSE,965.95,968.3,961.45,964.85,326921
2025-12-30,SBIN.BSE,963.55,976.0,959.35,973.3,340615
2025-12-31,SBIN.BSE,976.0,985.45,973.55,982.2,332569
2026-01-01,SBIN.BSE,982.2,987.7,980.2,984.7,848654
2026-01-02,SBIN.BSE,984.75,1009.3,984.05,999.35,489973
2026-01-05,SBIN.BSE,1000.1,1015.4,1000.1,1005.35,574850
2026-01-06,SBIN.BSE,1008.9,1023.95,1005.0,1018.75,696022
2026-01-07,SBIN.BSE,1020.05,1022.0,1004.3,1007.1,522691
2026-01-08,SBIN.BSE,1005.15,1011.9,995.6,997.85,717133
2026-01-09,SBIN.BSE,996.95,1008.0,994.55,1000.0,508305
2026-01-12,SBIN.BSE,1005.45,1016.9,996.05,1015.05,206672
2026-01-13,SBIN.BSE,1019.4,1029.4,1015.7,1028.45,3578570
2026-01-14,SBIN.BSE,1028.5,1030.0,1021.0,1028.3,549159
2026-01-16,SBIN.BSE,1029.1,1047.5,1028.45,1042.3,536890
2026-01-19,SBIN.BSE,1036.0,1043.55,1033.65,1038.2,270858
2026-01-20,SBIN.BSE,1044.8,1051.9,1033.3,1037.15,269961
2026-01-21,SBIN.BSE,1030.85,1040.45,1021.8,1028.15,546284
2026-01-22,SBIN.BSE,1032.35,1055.35,1032.35,1048.25,762610
2026-01-23,SBIN.BSE,1053.9,1053.9,1025.55,1029.4,453196
2025-09-01,ITC.BSE,410.0,410.2,405.0,405.7,414684
2025-09-02,ITC.BSE,407.0,407.8,404.55,406.65,479536
2025-09-03,ITC.BSE,408.25,413.3,407.25,411.5,447157
2025-09-04,ITC.BSE,422.0,425.7,415.0,415.85,1008347
2025-09-05,ITC.BSE,415.2,416.95,404.4,407.5,893710
2025-09-08,ITC.BSE,408.15,410.55,407.0,407.4,351472
2025-09-09,ITC.BSE,408.55,410.95,407.3,410.2,541739
2025-09-10,ITC.BSE,411.35,413.6,409.0,412.95,470784
2025-09-11,ITC.BSE,412.95,416.75,412.9,415.0,1058148
2025-09-12,ITC.BSE,415.55,416.8,412.95,413.6,928471
2025-09-15,ITC.BSE,413.55,414.55,411.75,412.65,3926540
2025-09-16,ITC.BSE,412.8,414.2,411.9,413.15,783817
2025-09-17,ITC.BSE,413.5,414.85,408.15,409.3,1155208
2025-09-18,ITC.BSE,411.8,412.95,410.1,411.95,943407
2025-09-19,ITC.BSE,411.95,412.5,409.1,410.15,1344608
2025-09-22,ITC.BSE,410.35,411.2,406.1,407.1,1025287
2025-09-23,ITC.BSE,407.1,407.9,402.2,403.35,1192017
2025-09-24,ITC.BSE,403.5,404.1,400.8,401.25,5827502
2025-09-25,ITC.BSE,400.85,402.8,398.1,400.2,1035091
2025-09-26,ITC.BSE,399.35,405.4,399.35,405.05,998159
2025-09-29,ITC.BSE,408.05,408.05,403.25,406.45,342483
2025-09-30,ITC.BSE,406.5,407.15,400.4,401.6,257240
2025-10-01,ITC.BSE,401.9,406.15,399.65,405.65,1381859
2025-10-03,ITC.BSE,403.6,405.4,402.3,404.35,629927
2025-10-06,ITC.BSE,402.75,403.95,399.65,400.8,528221
2025-10-07,ITC.BSE,401.35,402.75,399.6,399.85,1065308
2025-10-08,ITC.BSE,400.05,401.8,398.0,399.7,3648830
2025-10-09,ITC.BSE,399.7,401.4,399.0,399.9,1065847
2025-10-10,ITC.BSE,398.15,403.9,398.15,402.8,4087277
2025-10-13,ITC.BSE,399.55,400.95,398.6,399.1,496628
2025-10-14,ITC.BSE,399.7,401.0,396.25,396.7,183443
2025-10-15,ITC.BSE,398.65,400.9,397.3,400.05,408357
2025-10-16,ITC.BSE,400.2,405.7,399.7,405.05,1694286
2025-10-17,ITC.BSE,405.05,413.75,405.05,412.1,1124012
2025-10-20,ITC.BSE,412.0,414.8,411.3,412.95,660387
2025-10-21,ITC.BSE,414.45,414.45,412.4,412.85,99331
2025-10-23,ITC.BSE,415.0,420.25,413.35,415.85,2147295
2025-10-24,ITC.BSE,415.85,418.0,413.4,417.1,1648664
2025-10-27,ITC.BSE,417.0,422.5,416.6,420.35,844482
2025-10-28,ITC.BSE,420.0,421.65,416.0,417.95,450198
2025-10-29,ITC.BSE,417.05,422.0,416.05,421.6,661655
2025-10-30,ITC.BSE,421.6,421.85,416.15,418.7,1707852
2025-10-31,ITC.BSE,419.8,426.5,418.35,420.25,1144792
2025-11-03,ITC.BSE,420.25,421.7,413.4,413.95,454748
2025-11-04,ITC.BSE,413.95,414.65,408.35,408.6,664472
2025-11-06,ITC.BSE,409.2,413.1,406.45,407.3,1904518
2025-11-07,ITC.BSE,405.45,409.1,403.6,404.0,757484
2025-11-10,ITC.BSE,404.0,407.0,403.9,405.65,914325
2025-11-11,ITC.BSE,406.55,407.85,404.6,406.85,347048
2025-11-12,ITC.BSE,407.55,407.8,405.6,407.05,360450
2025-11-13,ITC.BSE,406.4,407.8,404.6,405.75,1056900
2025-11-14,ITC.BSE,404.25,408.8,400.3,407.85,571505
2025-11-17,ITC.BSE,411.0,411.0,406.05,407.1,126084
2025-11-18,ITC.BSE,407.2,408.5,404.5,405.75,294096
2025-11-19,ITC.BSE,404.6,405.0,402.7,403.55,166598
2025-11-20,ITC.BSE,403.55,407.0,403.2,405.5,1179441
2025-11-21,ITC.BSE,405.0,408.4,404.45,407.8,447626
2025-11-24,ITC.BSE,410.95,410.95,402.75,403.6,179485
2025-11-25,ITC.BSE,404.0,404.5,400.1,400.7,313693
2025-11-26,ITC.BSE,401.0,404.1,401.0,402.25,385371
2025-11-27,ITC.BSE,403.25,405.55,402.0,403.95,1323253
2025-11-28,ITC.BSE,404.0,404.75,402.55,404.4,1317040
2025-12-01,ITC.BSE,402.35,405.5,398.3,404.4,1222939
2025-12-02,ITC.BSE,401.15,405.4,400.5,401.05,408653
2025-12-03,ITC.BSE,401.35,402.2,398.9,400.55,1385564
2025-12-04,ITC.BSE,400.25,403.4,399.05,403.05,2453631
2025-12-05,ITC.BSE,403.05,405.35,401.8,404.8,598309
2025-12-08,ITC.BSE,404.55,405.25,400.7,402.15,729597
2025-12-09,ITC.BSE,402.35,404.5,400.1,400.85,619248
2025-12-10,ITC.BSE,400.85,404.5,400.85,403.1,512726
2025-12-11,ITC.BSE,403.1,404.0,401.2,403.05,1251248
2025-12-12,ITC.BSE,402.55,403.85,400.0,400.5,703404
2025-12-15,ITC.BSE,399.65,403.35,399.65,402.3,491708
2025-12-16,ITC.BSE,401.0,405.65,401.0,401.7,622327
2025-12-17,ITC.BSE,401.65,403.0,399.3,399.95,4011014
2025-12-18,ITC.BSE,399.95,402.0,399.75,400.2,1051875
2025-12-19,ITC.BSE,400.95,402.95,400.35,401.1,989497
2025-12-22,ITC.BSE,401.1,403.65,401.0,402.55,565424
2025-12-23,ITC.BSE,401.8,408.9,401.8,407.65,609312
2025-12-24,ITC.BSE,407.05,409.1,405.45,406.65,1608273
2025-12-26,ITC.BSE,405.1,407.2,403.65,404.3,425049
2025-12-29,ITC.BSE,403.45,404.6,400.0,402.4,45895840
2025-12-30,ITC.BSE,401.85,403.45,400.4,400.6,412174
2025-12-31,ITC.BSE,401.05,403.7,400.65,403.0,365582
2026-01-01,ITC.BSE,402.25,402.3,362.7,363.95,11884140
2026-01-02,ITC.BSE,360.45,360.45,345.35,350.15,8128503
2026-01-05,ITC.BSE,350.15,353.9,346.3,349.7,3273277
2026-01-06,ITC.BSE,350.05,350.85,337.9,342.45,3855421
2026-01-07,ITC.BSE,342.85,344.5,339.35,341.35,2056507
2026-01-08,ITC.BSE,341.5,344.95,339.0,340.9,2691424
2026-01-09,ITC.BSE,340.85,341.0,336.1,337.1,2707167
2026-01-12,ITC.BSE,338.0,339.6,335.8,338.35,593084
2026-01-13,ITC.BSE,339.05,339.7,333.8,334.65,720846
2026-01-14,ITC.BSE,335.1,336.0,333.35,334.75,694387
2026-01-16,ITC.BSE,337.05,337.5,328.6,329.25,1605969
2026-01-19,ITC.BSE,329.25,334.65,327.25,332.9,1068166
2026-01-20,ITC.BSE,334.8,334.8,325.75,326.4,655509
2026-01-21,ITC.BSE,326.35,329.55,324.35,324.7,1301973
2026-01-22,ITC.BSE,326.95,328.7,321.2,324.9,753460
2026-01-23,ITC.BSE,326.5,326.5,322.75,323.45,943769
2025-09-01,LT.BSE,3600.0,3625.8999,3581.1499,3599.25,46699
2025-09-02,LT.BSE,3595.0,3619.8999,3561.0,3572.45,57315
2025-09-03,LT.BSE,3574.25,3606.3501,3561.0,3600.25,152204
2025-09-04,LT.BSE,3646.8,3646.8,3571.6499,3592.5,394358
2025-09-05,LT.BSE,3580.3,3609.1001,3550.0,3552.75,43496
2025-09-08,LT.BSE,3576.0,3578.3999,3484.1001,3517.75,97380
2025-09-09,LT.BSE,3567.7,3567.7,3503.3999,3521.0,69526
2025-09-10,LT.BSE,3555.05,3577.6499,3539.95,3553.25,114160
2025-09-11,LT.BSE,3551.6001,3565.3501,3532.5,3539.2,414283
2025-09-12,LT.BSE,3550.1499,3595.0,3550.1499,3579.6001,45153
2025-09-15,LT.BSE,3581.0,3607.3999,3577.0,3585.3501,44659
2025-09-16,LT.BSE,3607.6499,3675.0,3596.2,3667.1499,104280
2025-09-17,LT.BSE,3668.05,3704.0,3660.8501,3685.1001,163719
2025-09-18,LT.BSE,3695.0,3701.3999,3672.55,3687.0,386729
2025-09-19,LT.BSE,3665.2,3704.8999,3665.2,3675.8501,89983
2025-09-22,LT.BSE,3678.1499,3691.6001,3633.0,3642.1499,58989
2025-09-23,LT.BSE,3640.05,3672.25,3615.0,3658.3,36656
2025-09-24,LT.BSE,3661.8501,3708.3501,3636.8501,3678.3999,113508
2025-09-25,LT.BSE,3681.0,3703.8501,3634.2,3644.2,331750
2025-09-26,LT.BSE,3653.05,3794.7,3653.05,3731.1001,241587
2025-09-29,LT.BSE,3748.95,3748.95,3678.6499,3687.6001,120973
2025-09-30,LT.BSE,3704.3,3704.3,3649.0,3658.8,62756
2025-10-01,LT.BSE,3646.2,3681.0,3614.8,3670.1499,634560
2025-10-03,LT.BSE,3685.0,3744.8501,3667.3,3732.3501,81874
2025-10-06,LT.BSE,3731.3501,3767.45,3703.05,3736.2,117471
2025-10-07,LT.BSE,3764.45,3765.0,3725.7,3730.7,113675
2025-10-08,LT.BSE,3728.5,3759.75,3714.1499,3728.0,93633
2025-10-09,LT.BSE,3730.0,3795.0,3730.0,3769.3501,322537
2025-10-10,LT.BSE,3768.8,3798.5,3760.5,3783.3,73446
2025-10-13,LT.BSE,3782.95,3783.3,3746.75,3770.3501,93052
2025-10-14,LT.BSE,3750.05,3788.8,3731.0,3741.3,103190
2025-10-15,LT.BSE,3748.0,3842.95,3744.6001,3824.6499,219934
2025-10-16,LT.BSE,3837.8501,3885.45,3831.0,3861.8999,316182
2025-10-17,LT.BSE,3853.3999,3868.75,3830.1001,3839.1001,99441
2025-10-20,LT.BSE,3860.0,3886.1499,3845.05,3873.7,41002
2025-10-21,LT.BSE,3873.75,3893.5,3873.75,3887.1001,36984
2025-10-23,LT.BSE,3898.95,3966.2,3889.3,3918.0,279876
2025-10-24,LT.BSE,3925.3501,3939.8999,3897.95,3904.3501,25157
2025-10-27,LT.BSE,3907.05,3947.25,3907.05,3924.7,50665
2025-10-28,LT.BSE,3918.1499,3985.0,3918.1499,3972.8501,326789
2025-10-29,LT.BSE,3993.8999,4016.8999,3920.0,3951.7,156990
2025-10-30,LT.BSE,3994.0,4062.5,3976.7,3987.8,843770
2025-10-31,LT.BSE,3998.7,4045.05,3982.8999,4031.2,91056
2025-11-03,LT.BSE,4025.2,4039.8,3975.0,3980.1001,68908
2025-11-04,LT.BSE,3985.0,3990.3501,3917.8501,3921.2,123633
2025-11-06,LT.BSE,3940.0,3975.0,3871.1001,3880.8,415683
2025-11-07,LT.BSE,3880.8,3892.7,3831.75,3881.65,82729
2025-11-10,LT.BSE,3885.25,3943.0,3885.25,3919.05,81045
2025-11-11,LT.BSE,3921.5,3966.3,3896.5,3953.3501,43248
2025-11-12,LT.BSE,3970.0,3973.45,3937.6001,3953.3501,47364
2025-11-13,LT.BSE,3953.3999,4022.7,3927.1001,4001.95,311885
2025-11-14,LT.BSE,4000.0,4010.1001,3971.5,3995.3,39035
2025-11-17,LT.BSE,4008.0,4030.0,4001.75,4028.1001,29993
2025-11-18,LT.BSE,4022.0,4022.8999,3977.3999,3998.95,25526
2025-11-19,LT.BSE,3998.95,4025.95,3982.45,4019.3,49161
2025-11-20,LT.BSE,4031.3999,4048.25,4009.3,4037.7,304677
2025-11-21,LT.BSE,4025.0,4056.0,4016.45,4023.5,42194
2025-11-24,LT.BSE,4023.5,4039.6001,4004.0,4013.3,21563
2025-11-25,LT.BSE,4003.2,4054.6499,3980.6499,3995.8,42398
2025-11-26,LT.BSE,4002.8999,4075.55,4000.0,4061.1001,194577
2025-11-27,LT.BSE,4063.45,4139.0,4061.1001,4082.05,480414
2025-11-28,LT.BSE,4093.95,4103.6001,4055.0,4068.5,42061
2025-12-01,LT.BSE,4099.7998,4103.0,4050.5,4071.1001,34532
2025-12-02,LT.BSE,4071.1001,4085.95,4026.1001,4030.8,20725
2025-12-03,LT.BSE,4048.6499,4048.6499,3970.0,3987.45,73459
2025-12-04,LT.BSE,3989.1499,4009.8501,3963.1001,3985.0,419960
2025-12-05,LT.BSE,3999.0,4047.25,3976.75,4038.0,59772
2025-12-08,LT.BSE,4045.0,4045.8999,3978.05,3995.7,22419
2025-12-09,LT.BSE,3969.55,4017.0,3948.05,3998.1001,39822
2025-12-10,LT.BSE,4000.0,4030.0,3968.8501,3989.05,128426
2025-12-11,LT.BSE,3989.1001,4014.8501,3985.55,4005.2,358628
2025-12-12,LT.BSE,4055.6001,4109.0,4048.05,4073.7,145450
2025-12-15,LT.BSE,4084.3501,4094.95,4062.05,4090.95,17700
2025-12-16,LT.BSE,4088.3501,4099.0,4043.45,4062.3501,24133
2025-12-17,LT.BSE,4081.5,4081.5,4039.0,4062.6001,16331
2025-12-18,LT.BSE,4074.6499,4074.6499,4022.75,4032.0,234376
2025-12-19,LT.BSE,4036.05,4091.0,4036.05,4074.2,228276
2025-12-22,LT.BSE,4074.2,4096.5498,4068.05,4071.5,35659
2025-12-23,LT.BSE,4073.1499,4095.0,4053.75,4059.1499,44203
2025-12-24,LT.BSE,4059.3501,4079.95,4047.25,4052.8,134881
2025-12-26,LT.BSE,4045.3999,4057.75,4028.95,4045.1001,17106
2025-12-29,LT.BSE,4032.8,4060.5,4032.8,4038.1499,45511
2025-12-30,LT.BSE,4048.3,4063.0,4008.05,4051.8,92850
2025-12-31,LT.BSE,4060.0,4094.7,4047.0,4083.1001,65582
2026-01-01,LT.BSE,4084.8,4148.0,4084.8,4139.4502,182641
2026-01-02,LT.BSE,4140.3999,4172.8999,4128.7002,4162.8999,83138
2026-01-05,LT.BSE,4164.3999,4194.7002,4133.8999,4148.8501,26252
2026-01-06,LT.BSE,4149.6499,4184.8999,4132.0,4141.2998,29506
2026-01-07,LT.BSE,4110.0,4176.0,4093.3501,4167.7998,81750
2026-01-08,LT.BSE,4151.25,4170.1499,3990.5,4028.0,320528
2026-01-09,LT.BSE,4020.1499,4092.7,4006.1499,4026.75,41867
2026-01-12,LT.BSE,4013.8,4026.6001,3944.0,4018.5,60678
2026-01-13,LT.BSE,4020.8501,4020.8999,3836.3501,3888.05,180112
2026-01-14,LT.BSE,3898.25,3903.8501,3857.0,3865.5,240516
2026-01-16,LT.BSE,3868.55,3914.0,3850.0,3855.8999,49003
2026-01-19,LT.BSE,3834.0,3876.95,3808.75,3867.4,139561
2026-01-20,LT.BSE,3842.9,3874.0,3800.0,3808.0,117893
2026-01-21,LT.BSE,3791.95,3828.0,3722.25,3767.15,106266
2026-01-22,LT.BSE,3800.0,3800.0,3753.75,3794.3,159756
2026-01-23,LT.BSE,3794.5,3803.0,3721.0,3745.05,183174
2025-09-01,BHARTIARTL.BSE,1886.75,1904.85,1884.05,1900.15,67808
2025-09-02,BHARTIARTL.BSE,1911.8,1917.4,1877.7,1888.75,78174
2025-09-03,BHARTIARTL.BSE,1888.75,1891.85,1869.05,1883.7,100452
2025-09-04,BHARTIARTL.BSE,1903.9,1903.9,1876.8,1880.3,391723
2025-09-05,BHARTIARTL.BSE,1889.85,1910.5,1876.0,1896.4,136711
2025-09-08,BHARTIARTL.BSE,1896.65,1899.4,1884.25,1887.1,73958
2025-09-09,BHARTIARTL.BSE,1887.9,1903.8,1883.7,1893.35,69469
2025-09-10,BHARTIARTL.BSE,1905.0,1905.25,1883.4,1890.7,139837
2025-09-11,BHARTIARTL.BSE,1875.1,1916.35,1875.1,1912.75,475388
2025-09-12,BHARTIARTL.BSE,1916.8,1925.3,1901.1,1904.1,71177
2025-09-15,BHARTIARTL.BSE,1900.2,1912.7,1898.05,1904.55,175647
2025-09-16,BHARTIARTL.BSE,1902.35,1942.0,1902.0,1939.85,132205
2025-09-17,BHARTIARTL.BSE,1940.0,1949.9,1933.25,1941.0,124692
2025-09-18,BHARTIARTL.BSE,1944.9,1950.55,1920.9,1942.0,471963
2025-09-19,BHARTIARTL.BSE,1934.75,1976.45,1928.0,1962.35,157900
2025-09-22,BHARTIARTL.BSE,1955.5,1965.6,1945.25,1955.75,58342
2025-09-23,BHARTIARTL.BSE,1951.0,1954.35,1930.15,1939.1,75770
2025-09-24,BHARTIARTL.BSE,1925.0,1937.55,1919.0,1930.05,161510
2025-09-25,BHARTIARTL.BSE,1925.3,1950.05,1925.3,1936.05,425293
2025-09-26,BHARTIARTL.BSE,1930.05,1941.7,1911.6,1916.7,213268
2025-09-29,BHARTIARTL.BSE,1918.6,1925.55,1897.25,1901.3,100948
2025-09-30,BHARTIARTL.BSE,1895.0,1907.55,1875.7,1878.0,31489
2025-10-01,BHARTIARTL.BSE,1855.55,1875.6,1855.55,1867.35,384373
2025-10-03,BHARTIARTL.BSE,1849.95,1900.6,1848.45,1895.6,58328
2025-10-06,BHARTIARTL.BSE,1888.9,1906.8,1888.55,1902.55,110682
2025-10-07,BHARTIARTL.BSE,1911.7,1946.65,1901.0,1929.2,183181
2025-10-08,BHARTIARTL.BSE,1933.65,1962.5,1928.9,1942.85,247730
2025-10-09,BHARTIARTL.BSE,1948.7,1948.7,1931.45,1941.3,406590
2025-10-10,BHARTIARTL.BSE,1940.9,1948.0,1935.0,1939.6,77116
2025-10-13,BHARTIARTL.BSE,1938.0,1966.15,1938.0,1955.05,91113
2025-10-14,BHARTIARTL.BSE,1967.95,1967.95,1938.85,1946.2,49886
2025-10-15,BHARTIARTL.BSE,1955.0,1975.95,1952.4,1969.2,176910
2025-10-16,BHARTIARTL.BSE,1966.0,1986.75,1961.3,1967.1,372854
2025-10-17,BHARTIARTL.BSE,1967.45,2033.55,1967.45,2011.95,161616
2025-10-20,BHARTIARTL.BSE,2022.2,2057.0,2020.0,2051.25,61612
2025-10-21,BHARTIARTL.BSE,2047.35,2057.95,2038.5,2043.35,25089
2025-10-23,BHARTIARTL.BSE,2069.25,2069.25,2003.25,2008.35,871617
2025-10-24,BHARTIARTL.BSE,2005.4,2033.0,2005.4,2029.1,56173
2025-10-27,BHARTIARTL.BSE,2038.7,2093.8501,2032.0,2081.05,1418303
2025-10-28,BHARTIARTL.BSE,2084.1001,2103.3999,2072.0,2090.5,159740
2025-10-29,BHARTIARTL.BSE,2086.95,2109.8999,2081.1499,2100.45,155441
2025-10-30,BHARTIARTL.BSE,2068.05,2087.5,2058.9,2066.1,242538
2025-10-31,BHARTIARTL.BSE,2065.5,2073.65,2051.65,2054.6,41588
2025-11-03,BHARTIARTL.BSE,2056.6,2080.4,2046.55,2073.75,93968
2025-11-04,BHARTIARTL.BSE,2100.0,2135.75,2100.0,2112.9,297334
2025-11-06,BHARTIARTL.BSE,2114.5,2122.8,2080.5,2094.6,733095
2025-11-07,BHARTIARTL.BSE,2048.6,2049.5,1995.8,2001.1,1858254
2025-11-10,BHARTIARTL.BSE,1995.0,2027.45,1994.0,2021.15,67953
2025-11-11,BHARTIARTL.BSE,2029.4,2056.2,2019.15,2042.55,1042136
2025-11-12,BHARTIARTL.BSE,2050.05,2078.55,2050.05,2073.5,180105
2025-11-13,BHARTIARTL.BSE,2090.1001,2107.0,2078.55,2092.1499,482662
2025-11-14,BHARTIARTL.BSE,2088.7,2107.6001,2081.0,2098.7,53860
2025-11-17,BHARTIARTL.BSE,2110.0,2122.0,2102.0,2112.2,47762
2025-11-18,BHARTIARTL.BSE,2122.0,2159.0,2110.05,2149.8999,134764
2025-11-19,BHARTIARTL.BSE,2151.1499,2165.8999,2146.5,2161.3,175355
2025-11-20,BHARTIARTL.BSE,2155.0,2169.0,2149.3999,2159.45,424508
2025-11-21,BHARTIARTL.BSE,2149.0,2174.7,2148.3501,2162.8501,50952
2025-11-24,BHARTIARTL.BSE,2161.05,2166.0,2139.25,2150.8501,86878
2025-11-25,BHARTIARTL.BSE,2161.0,2170.95,2139.0,2160.75,206512
2025-11-26,BHARTIARTL.BSE,2105.0,2134.0,2100.0,2127.1001,658627
2025-11-27,BHARTIARTL.BSE,2130.0,2134.3501,2103.5,2115.95,444496
2025-11-28,BHARTIARTL.BSE,2117.8,2129.05,2096.25,2101.05,61011
2025-12-01,BHARTIARTL.BSE,2113.8999,2119.3501,2083.0,2089.6001,46165
2025-12-02,BHARTIARTL.BSE,2083.0,2114.5,2083.0,2101.8501,70868
2025-12-03,BHARTIARTL.BSE,2099.8999,2110.3501,2082.0,2086.1001,81413
2025-12-04,BHARTIARTL.BSE,2088.75,2108.75,2074.7,2103.5,435861
2025-12-05,BHARTIARTL.BSE,2091.8,2111.6499,2091.25,2107.7,46562
2025-12-08,BHARTIARTL.BSE,2115.0,2115.0,2078.8,2085.95,65933
2025-12-09,BHARTIARTL.BSE,2085.0,2100.8,2080.75,2087.6001,37634
2025-12-10,BHARTIARTL.BSE,2066.0,2096.5,2062.8,2066.7,134401
2025-12-11,BHARTIARTL.BSE,2061.2,2068.45,2038.0,2053.25,419443
2025-12-12,BHARTIARTL.BSE,2053.1499,2086.0,2052.55,2083.3501,35898
2025-12-15,BHARTIARTL.BSE,2077.1001,2079.0,2062.0,2071.95,19857
2025-12-16,BHARTIARTL.BSE,2071.95,2106.0,2071.95,2101.8,84204
2025-12-17,BHARTIARTL.BSE,2120.5,2126.0,2096.5,2108.6499,80986
2025-12-18,BHARTIARTL.BSE,2108.8,2116.0,2087.45,2092.05,650018
2025-12-19,BHARTIARTL.BSE,2104.3999,2116.7,2082.5,2096.3,226045
2025-12-22,BHARTIARTL.BSE,2116.05,2151.5,2102.3999,2147.1499,95549
2025-12-23,BHARTIARTL.BSE,2164.8999,2164.8999,2119.3,2122.3999,40842
2025-12-24,BHARTIARTL.BSE,2131.8999,2137.45,2115.0,2123.75,137894
2025-12-26,BHARTIARTL.BSE,2124.0,2124.0,2101.8,2105.7,25826
2025-12-29,BHARTIARTL.BSE,2103.1001,2111.0,2079.0,2081.6499,92228
2025-12-30,BHARTIARTL.BSE,2077.55,2102.05,2074.05,2099.8501,40548
2025-12-31,BHARTIARTL.BSE,2092.6499,2120.7,2089.8501,2105.7,76864
2026-01-01,BHARTIARTL.BSE,2107.75,2123.8999,2106.3501,2110.1001,228962
2026-01-02,BHARTIARTL.BSE,2110.1001,2124.5,2098.3501,2106.7,33758
2026-01-05,BHARTIARTL.BSE,2106.25,2111.95,2096.3,2104.5,58550
2026-01-06,BHARTIARTL.BSE,2113.25,2121.0,2088.0,2105.95,20738
2026-01-07,BHARTIARTL.BSE,2090.3,2104.1001,2077.0,2084.05,69052
2026-01-08,BHARTIARTL.BSE,2081.6499,2092.0,2055.25,2066.3,259290
2026-01-09,BHARTIARTL.BSE,2067.05,2084.1499,2023.3,2027.3,132978
2026-01-12,BHARTIARTL.BSE,2002.2,2048.7,2001.0,2043.65,206841
2026-01-13,BHARTIARTL.BSE,2040.05,2049.95,2015.0,2026.5,209335
2026-01-14,BHARTIARTL.BSE,2011.45,2033.6,2008.35,2023.0,284491
2026-01-16,BHARTIARTL.BSE,2019.45,2025.0,1989.8,2016.0,302780
2026-01-19,BHARTIARTL.BSE,2017.0,2020.5,1997.5,2008.55,110089
2026-01-20,BHARTIARTL.BSE,2010.85,2015.85,1977.25,1989.35,132503
2026-01-21,BHARTIARTL.BSE,1968.0,2006.5,1967.95,1995.9,310504
2026-01-22,BHARTIARTL.BSE,2014.75,2019.45,1989.65,2002.05,694401
2026-01-23,BHARTIARTL.BSE,2019.0,2019.0,1980.4,1985.25,711974
2025-09-01,TITAN.BSE,3632.0,3652.0,3610.3999,3618.5,11032
2025-09-02,TITAN.BSE,3618.45,3655.0,3606.6001,3617.95,6789
2025-09-03,TITAN.BSE,3600.0,3697.0,3593.0,3691.3999,12751
2025-09-04,TITAN.BSE,3725.1499,3725.2,3677.0,3686.3501,23336
2025-09-05,TITAN.BSE,3680.1001,3699.95,3660.1001,3665.25,6141
2025-09-08,TITAN.BSE,3660.0,3683.7,3640.55,3658.05,12621
2025-09-09,TITAN.BSE,3667.0,3667.0,3618.8,3629.45,14335
2025-09-10,TITAN.BSE,3630.3,3644.95,3608.0,3619.3,9122
2025-09-11,TITAN.BSE,3415.05,3640.2,3415.05,3585.05,8853
2025-09-12,TITAN.BSE,3585.2,3608.95,3562.55,3571.0,11075
2025-09-15,TITAN.BSE,3569.95,3573.7,3515.5,3534.25,13847
2025-09-16,TITAN.BSE,3530.45,3570.0,3504.25,3557.8,18521
2025-09-17,TITAN.BSE,3553.75,3575.0,3514.0,3522.8,509437
2025-09-18,TITAN.BSE,3523.05,3545.1001,3504.8999,3510.8999,21571
2025-09-19,TITAN.BSE,3510.8999,3510.8999,3460.3501,3466.6499,22339
2025-09-22,TITAN.BSE,3478.45,3478.45,3440.0,3457.7,10280
2025-09-23,TITAN.BSE,3457.75,3461.1001,3405.3,3439.95,23205
2025-09-24,TITAN.BSE,3430.05,3430.6499,3411.0,3416.8,463772
2025-09-25,TITAN.BSE,3401.1499,3413.6499,3370.0,3378.1499,75346
2025-09-26,TITAN.BSE,3393.55,3400.0,3307.3501,3327.3501,26880
2025-09-29,TITAN.BSE,3327.3501,3417.0,3327.3501,3403.8501,32179
2025-09-30,TITAN.BSE,3421.1001,3476.45,3356.0,3367.3999,38898
2025-10-01,TITAN.BSE,3384.05,3415.0,3351.3501,3405.6499,65058
2025-10-03,TITAN.BSE,3402.55,3459.25,3380.0,3452.3501,15836
2025-10-06,TITAN.BSE,3452.3501,3452.45,3400.8999,3423.55,57066
2025-10-07,TITAN.BSE,3420.55,3445.55,3406.5,3416.55,10491
2025-10-08,TITAN.BSE,3472.8,3580.0,3470.6001,3566.1499,175379
2025-10-09,TITAN.BSE,3565.95,3565.95,3526.8,3550.3,24890
2025-10-10,TITAN.BSE,3549.6499,3570.8,3523.8999,3531.3,13713
2025-10-13,TITAN.BSE,3500.3,3544.7,3500.3,3533.8,35305
2025-10-14,TITAN.BSE,3533.8,3545.0,3504.8501,3533.0,46998
2025-10-15,TITAN.BSE,3525.2,3562.3,3511.3999,3548.95,42487
2025-10-16,TITAN.BSE,3574.3999,3652.0,3545.55,3642.45,56443
2025-10-17,TITAN.BSE,3630.05,3714.7,3630.05,3675.3,63894
2025-10-20,TITAN.BSE,3671.6499,3748.8999,3671.6499,3737.3999,53038
2025-10-21,TITAN.BSE,3737.0,3746.3,3720.75,3728.95,21196
2025-10-23,TITAN.BSE,3755.05,3797.3999,3738.75,3771.8501,77935
2025-10-24,TITAN.BSE,3771.8501,3780.0,3706.25,3715.0,33245
2025-10-27,TITAN.BSE,3702.6001,3753.0,3702.6001,3738.6001,24060
2025-10-28,TITAN.BSE,3740.0,3765.1001,3688.5,3715.8501,20595
2025-10-29,TITAN.BSE,3719.0,3753.0,3714.3501,3747.6499,17884
2025-10-30,TITAN.BSE,3747.0,3773.3501,3720.05,3751.25,180412
2025-10-31,TITAN.BSE,3750.1499,3782.3999,3740.3501,3745.2,19500
2025-11-03,TITAN.BSE,3744.7,3761.0,3669.7,3727.8,26190
2025-11-04,TITAN.BSE,3738.8999,3826.0,3720.25,3812.8501,115525
2025-11-06,TITAN.BSE,3783.0,3836.95,3759.8501,3776.95,32283
2025-11-07,TITAN.BSE,3765.0,3792.0,3734.1001,3768.8,29901
2025-11-10,TITAN.BSE,3808.1001,3815.6499,3778.25,3801.5,9604
2025-11-11,TITAN.BSE,3803.1499,3821.2,3755.8,3812.1499,22464
2025-11-12,TITAN.BSE,3840.0,3876.0,3802.45,3851.2,16238
2025-11-13,TITAN.BSE,3850.6499,3865.0,3818.0,3837.3,19220
2025-11-14,TITAN.BSE,3855.6499,3855.6499,3800.1001,3824.3999,12056
2025-11-17,TITAN.BSE,3840.1001,3874.0,3829.2,3869.1499,11982
2025-11-18,TITAN.BSE,3869.0,3898.3999,3842.3999,3883.3,23013
2025-11-19,TITAN.BSE,3872.3999,3939.95,3869.5,3932.75,38751
2025-11-20,TITAN.BSE,3936.45,3954.8999,3892.8,3901.2,48009
2025-11-21,TITAN.BSE,3901.2,3924.0,3884.5,3904.8501,12290
2025-11-24,TITAN.BSE,3908.5,3936.65,3865.0,3873.8,25403
2025-11-25,TITAN.BSE,3874.5,3908.2,3845.0,3852.45,15704
2025-11-26,TITAN.BSE,3852.45,3914.9,3849.0,3896.75,5161
2025-11-27,TITAN.BSE,3896.75,3925.0,3876.6,3903.75,26898
2025-11-28,TITAN.BSE,3903.75,3934.9,3897.25,3908.95,33054
2025-12-01,TITAN.BSE,3900.8,3910.0,3861.1,3892.8,14622
2025-12-02,TITAN.BSE,3888.85,3899.0,3867.2,3886.95,12291
2025-12-03,TITAN.BSE,3894.7,3894.7,3786.0,3814.55,17180
2025-12-04,TITAN.BSE,3809.95,3830.0,3779.3,3800.2,9148
2025-12-05,TITAN.BSE,3769.2,3825.9,3769.2,3814.3,5277
2025-12-08,TITAN.BSE,3766.2,3824.15,3761.0,3765.0,17848
2025-12-09,TITAN.BSE,3770.0,3871.85,3751.3,3845.3,17619
2025-12-10,TITAN.BSE,3845.25,3858.7,3823.8,3845.25,8502
2025-12-11,TITAN.BSE,3843.75,3856.55,3778.0,3843.8,94721
2025-12-12,TITAN.BSE,3844.5,3894.35,3836.15,3880.4,12639
2025-12-15,TITAN.BSE,3859.0,3874.55,3851.0,3865.8,7960
2025-12-16,TITAN.BSE,3863.05,3935.0,3831.2,3927.6,13529
2025-12-17,TITAN.BSE,3928.0,3936.1001,3890.2,3906.6499,89039
2025-12-18,TITAN.BSE,3906.7,3923.0,3891.7,3918.2,6402
2025-12-19,TITAN.BSE,3934.3,3962.0,3912.05,3930.3,8329
2025-12-22,TITAN.BSE,3931.05,3949.0,3916.05,3932.45,30267
2025-12-23,TITAN.BSE,3939.95,3956.0,3916.75,3922.55,5147
2025-12-24,TITAN.BSE,3929.8501,3931.3,3899.1001,3908.5,13721
2025-12-26,TITAN.BSE,3892.7,4008.0,3892.7,3991.6499,30544
2025-12-29,TITAN.BSE,4001.0,4030.0,3977.45,3981.8501,38327
2025-12-30,TITAN.BSE,3966.3501,3994.5,3952.0,3974.05,16689
2025-12-31,TITAN.BSE,3981.0,4061.95,3980.0,4050.6499,46235
2026-01-01,TITAN.BSE,4050.7,4068.75,4036.2,4048.45,26259
2026-01-02,TITAN.BSE,4038.25,4059.1499,3985.8999,4050.6499,19477
2026-01-05,TITAN.BSE,4050.6499,4094.8999,4047.6001,4079.1499,73516
2026-01-06,TITAN.BSE,4088.6499,4118.0,4071.25,4111.1001,10089
2026-01-07,TITAN.BSE,4200.4502,4312.0,4200.4502,4272.8999,277511
2026-01-08,TITAN.BSE,4285.8999,4304.8999,4240.0,4247.2002,25824
2026-01-09,TITAN.BSE,4206.75,4279.5498,4183.3999,4203.0,22382
2026-01-12,TITAN.BSE,4187.8,4241.45,4143.6,4231.45,23652
2026-01-13,TITAN.BSE,4248.75,4265.0,4211.05,4234.9,29737
2026-01-14,TITAN.BSE,4232.6,4281.9,4208.95,4221.0,79317
2026-01-16,TITAN.BSE,4236.9,4236.9,4183.0,4196.9,11508
2026-01-19,TITAN.BSE,4180.45,4208.05,4128.6,4141.95,19666
2026-01-20,TITAN.BSE,4142.55,4154.1,4062.65,4072.85,7733
2026-01-21,TITAN.BSE,4059.4,4110.0,4053.3,4080.2,10429
2026-01-22,TITAN.BSE,4082.15,4126.95,3980.45,4018.8,18089
2026-01-23,TITAN.BSE,4051.85,4060.0,3979.7,4021.8,41382
